<?xml version="1.0" encoding="utf-8" ?> 
<!--********** Copyright 2020 Roku Corp.  All Rights Reserved. **********--> 

<component name="DetailsScreen" extends="Group" initialFocus="Buttons" xsi:noNamespaceSchemaLocation="https://devtools.web.roku.com/schema/RokuSceneGraph.xsd">
    <script type="text/brightscript" uri="DetailsScreen.brs" />
    <script type="text/brightscript" uri="pkg:/source/utils.brs" />
    <interface>
        <!-- Content fields -->
        <field id="content" type="node" />
        <!-- @WriteOnly  -->
        <!-- Manually focus on desired item. This field must be set after setting the content field. -->
        <field id="jumpToItem" type="integer" onChange="OnJumpToItem" value="0" alwaysNotify="true" />
        <!-- tells what item is currently focused  -->
        <field id="itemFocused" type="integer" alwaysNotify="true" />     
        <field id="buttonSelected" type="integer" alias="buttons.itemSelected" />
    </interface>
    <children>
        <Poster
            id="backgroundImage"
            translation="[0, 0]"
        />
        <Group id="detailsGroup" translation="[0, 0]" width="600">
            <Poster
                id="detailsGroupBackground"
                uri="pkg:/images/gradient-background.png"
                width="600"
                height="720"
                translation="[0,0]"
            />
            <LayoutGroup
                itemSpacings="[40]"
                translation="[80, 100]">
                <Label
                    id="titleLabel"
                    wrap="true"
                    maxLines="6"
                    width="593"
                    font="font:LargeBoldSystemFont"
                />
                <Poster
                    id="titlePoster"
                    width="320"
                />
                <Label
                    id="descriptionLabel"
                    wrap="true"
                    maxLines="6"
                    width="593"
                />
                <Label
                    id="metadataLabel"
                    wrap="false"
                    width="520"
                />
                <LabelList
                    id="buttons"
                    numRows="1"
                    itemSpacing="[0,10]"
                    itemSize="[100, 48]"
                />
            </LayoutGroup>
        </Group>
    </children>
</component>